{"cameraMode":{"drawMode":0,"name":"Shaded","section":"Shading Mode"},"sceneLighting":true,"audioPlay":false,"sceneViewState":{"m_AlwaysRefresh":false,"showFog":true,"showSkybox":true,"showFlares":true,"showImageEffects":true,"showParticleSystems":true,"showVisualEffectGraphs":true,"m_FxEnabled":true},"in2DMode":false,"pivot":{"x":0.013148248195648194,"y":0.16900479793548585,"z":-0.6049327850341797},"rotation":{"x":-0.28965482115745547,"y":0.6589863896369934,"z":-0.3064710795879364,"w":-0.6228308081626892},"size":0.6068775057792664,"orthographic":false}